{
  "youtube": "",
  "facebook": "https://www.facebook.com/ByJuSchuartz",
  "phone": "(22) 99702 8868",
  "doc_number": "42.386.301.0001/45",
  "whatsapp": "(28) 99981 9414",
  "instagram": "https://www.instagram.com/jsbyju/",
  "twitter": "",
  "address": "Av. José Alexandre, 742, Guaçui - ES, CEP:29560-00",
  "tiktok": "",
  "pinterest": "https://www.pinterest.com/julyanaschuartz/js/?invite_code=78677eaf8d364cf1a200593dae4da3f5&board_collab_inviter=True&inviter_user_id=689473161611344268",
  "email": "byjsstore@gmail.com"
}